id,url
23146,"https://www.google.com/search?q=Panos+City+Brussel+(Rogier)&stick=H4sIAAAAAAAA_-NgU1I1qDAxTzZONjYxNTdOTTVLSkmxMqiwMEw1TbSwSE1KMjQwtkyxWMQqHZCYl1-s4JxZUqngVFRaXJyao6ARlJ-emVqkCQBKIL-NRwAAAA&hl=fr&mat=CXgo82J5moeGElcBqiIDwlSfBvgmsvDgYMf89owiKJgFL37ZRaYlX-Xhtu4uOQFn5MJ0Rw-D8e3W3shvLr5x3nk-nqLYk4wsB7bCO-SNZHXOTVN7wXCrwvwcXeU3AHF93xo&authuser=0"
23050,https://www.google.com/search?sca_esv=9931d7f4e0845048&cs=1&output=search&kgmid=/g/1td6fn9n&q=Panos+City+Lier&shndl=30&shem=uaasie&source=sh/x/loc/uni/m1/1&kgs=412659dae9be4b52
23725,https://www.google.com/search?q=Panos+Plopsa+De+Panne&stick=H4sIAAAAAAAA_-NgU1I1qDAxT0m2NE80TEu1MLcwTEyxMqgwN0g2tUxJMkoyMzJKNTZNXMQqGpCYl1-sEJCTX1CcqOCSqgDk56UCAHiI0iZBAAAA&hl=fr&mat=CUIj0oUJKop2ElcBqiIDwrs7HvkceRx21zFAfkMJ_8cn9lVi5oDFIE0ZUW84D5go-4M4fxTx57mnbsz5nBUGMvROynqA9-JNhYUi1FsHkDe09L8PTjCwc46ldC0F9Cr8e7g&authuser=0
23296,https://www.google.com/search?q=Panos+Q8+Andenne&stick=H4sIAAAAAAAA_-NgU1I1qDAxTzZMNDcztbA0tLBISzS0AgpZWppYGhglG6UmGianGSctYhUISMzLL1YItFBwzEtJzctLBQByNgSjPAAAAA&hl=fr&mat=CSCiV9nISloJElcBqiIDwlY7UJmrZcGRFMyGY60nuiL5vTzfvuj8UuqkzEGY7OcHGHcY2TGOlsF5vXtQ6KWYC4mFgMWphCP6nJjkMXwSoJuEuC17JXI19bh5gdtntAI15PQ&authuser=0
23980,https://www.google.com/search?q=Panos+Q8+Fleurus+(Chauss%C3%A9e+de+Charleroi)&stick=H4sIAAAAAAAA_-NgU1I1qDAxTzYysjQwMTM3NTdKTTG0MqiwSDSxTLY0NjJINDNLTjIxXsSqGZCYl1-sEGih4JaTWlpUWqyg4ZyRWFpcfHhlqkJKqgKQU5STWpSfqQkAeCx3wVUAAAA&hl=fr&mat=CUV6V8QGFeLMElcBqiIDwpoxR4tu2ebu863fQnQqbE5WcDACL_ezVtLQZjVY1Z-nh99BUsD7aGMWPWv4iCvcoXXPTSHCxywP6FzGNrAAjgY80Gt3_rVbOqVqJlHFA4GffnM&authuser=0
23467,https://www.google.com/search?q=Panos+Q8+Gembloux&stick=H4sIAAAAAAAA_-NgU1I1qDAxTza0MDI0SjY1TDY2TTK0MqgwMrMwSTIxNjIwMk02sbQwXsQqGJCYl1-sEGih4J6am5STX1oBAAeCvSU9AAAA&hl=fr&mat=Cf2Imiq67oldElYBqiIDwnH_xodMm3gTR0tTrDlf5a4nYrR6Bf0LxcyZic5zKME4kTxHOjo1_TppnM3ZW1_BPgQ4Eq-IepVL0esvJuQVa2_gQLGrLtRqXUPTmFJsEr8LDQ&authuser=0
23338,https://www.google.com/search?q=Panos+Q8+Gembloux+AUTOCENTER2+NV/SA&stick=H4sIAAAAAAAA_-NgU1I1qDAxTzY0NzM2TTFLM0yxMEmzMqhIMjM2TjNKMk-1MLBITbQ0WsSqHJCYl1-sEGih4J6am5STX1qh4Bga4u_s6hfiGmSk4BemH-wIAFFMa2JPAAAA&hl=fr&mat=CYNmMY_vUgTlElcBqiIDwlnPEjz9zf1ECtL6pviZbN8j7VIuyGvCOSufUSJbEpYmaIioQR4DttwdWhuCzvGRH2AckxBViJOlMLObQmlDDbfX8MsS4yL7qVIzBKGOQop8rWo&authuser=0
23978,https://www.google.com/search?q=Panos+Q8+Gr%C3%A9try&stick=H4sIAAAAAAAA_-NgU1I1qDAxTzZIM0xMTDUxNDY1NTG3MqhItLRMsjBPTDVLMk40szQ3X8QqEJCYl1-sEGih4F50eGVJUSUAUq7ofzwAAAA&hl=fr&mat=CbG3PxsweFtvElYBqiIDwtUkbsS81AFIR0YVWXO7CHdO5SOt3jLQeZuVdy4FxqE03KIMQfjUYEPIOPyCf_7ijV8yszC25yVYdwFArWIA7WitJG8oUcxcDEP25AYvNm7c3w&authuser=0
23563,https://www.google.com/search?q=Panos+Q8+Herent+(Brusselsesteenweg)&stick=H4sIAAAAAAAA_-NgU1I1qDAxTzY0M0izTEq0sEg2NDS1MqhINDRIMjRPSzUxsjA3MzQwWcSqHJCYl1-sEGih4JFalJpXoqDhVFRaXJyaU5xaXJKamleemq4JAFO3jKNPAAAA&hl=fr&mat=Cd5EZDAqGXufElcBqiIDwuEtaZrg15_CQ0waSWN0SisquWvm7CmphVQIERXDURStfCQnxRd8X22JmaMDMgLRKUMnWubjS7-xGLo1AfPsKi_cUoRL2YCPmJQIkivRoeOtiPw&authuser=0
23945,https://www.google.com/search?q=Panos+Q8+Herstal+Rue+du+Crucifix&stick=H4sIAAAAAAAA_-NgU1I1qDAxTzZIMzRMMzNPSTMySzG0MqiwTDFKMjCxSDUxTDW3NDAyWcSqEJCYl1-sEGih4JFaVFySmKMQVJqqkFKq4FxUmpyZllkBAJcHN4NMAAAA&hl=fr&mat=CbkD4Flvp6R_ElYBqiIDwq1hqDlkXtjtGJ3kFjhTSIpT6RM3trAfxmMXhclnZgbdnnhEjYthOv9RI-TDB3_L9V-UoCT3lNOyKMoel02IcKaGNqQLiHTmb90sh_EtdYUXSg&authuser=0
23286,https://www.google.com/search?q=Panos+Q8+HW+Froyennes+(Lille/Mons)&stick=H4sIAAAAAAAA_-NgU1IxqDAxTza0MDVPNjczNTYzSzS2MqhIsjA2SjI1N0xLS0lKMzVYxKoUkJiXX6wQaKHgEa7gVpRfmZqXl1qsoOGTmZOTqu-bn1esCQA8i1AcTQAAAA&hl=fr&mat=CfRW0sNyzkCDElcBqiIDwpTShjROaSj411EPuYNKVahUZUNkZRUvgBQVYpsdzCpZhP_-jYix8Atd2pCdHS6tN_qys_6p7IRmvze_aPXx2cQP_6f0qTZ2K83mi4aiVq5V6UU&authuser=0
23285,https://www.google.com/search?q=Panos+Q8+HW+Froyennes+(Mons/Lille)&stick=H4sIAAAAAAAA_-NgU1I1qDAxTzZKSTNOTEw2MDZMM7G0MqhITTEyMzRNNU0yTTSxTE4yXMSqFJCYl1-sEGih4BGu4FaUX5mal5darKDhm59XrO-TmZOTqgkAXoyyHk4AAAA&hl=fr&mat=CQdBnbXV4yFVElYBqiIDwuSAa6k13L8eYC6huPFY2NA018Z36ecqZDA6eTAt9TYmLbm63mGZbNThOO6aTfC0h76V2xDg8A9mHGZKVWZROLT0lZ3PzGI3Mi0z909UyOjPtw&authuser=0
23924,https://www.google.com/search?q=Panos+Q8+HW+Thieu+(Brussel/Parijs)&stick=H4sIAAAAAAAA_-NgU1I1qDAxTzYysUxKNjFNNDFNNja1MqgwMjI1NLFINDFKNEgzMUqxXMSqFJCYl1-sEGih4BGuEJKRmVqqoOFUVFpcnJqjH5BYlJlVrAkA6EU_jE4AAAA&hl=fr&mat=CVnlzIbwQuGVElcBqiIDwhYbNIlipu7hwkzVxPeDikm4nzvTt-_ZbpSCv2L_6ZtT3LgQ91rAN2HSLwKptyTl1R0DHsc_k0MflinvzZ9qjVFZg0TJfyjvqeyLAghmHSTktxA&authuser=0
23341,https://www.google.com/search?q=Panos+Q8+HW+Thieu+(Parijs/Brussel)&stick=H4sIAAAAAAAA_-NgU1I1qDAxTzYysTQwSUpOSTVLMk2zMqhIM0oyt0gzNDZNM7JMtTAyXsSqFJCYl1-sEGih4BGuEJKRmVqqoBGQWJSZVazvVFRaXJyaowkAvelZ3E4AAAA&hl=fr&mat=CR4svtTl91PeElYBqiIDwowimKEjXW5Hi1_8KjMLYWTxfHkJd4Rc5BRLA1OTfg-OarCcSLthUU6ldAv2qqvARec3E3IP5wrS5HH9Ofqk859hYjcBEDJaZ54JcsJz7DF62w&authuser=0
23579,https://www.google.com/search?q=Panos+Q8+Jemeppe-sur-Meuse&stick=H4sIAAAAAAAA_-NgU1I1qDAxTzZIs0wxMk9MtEgzMTC3MqgwSjMyT0tNM0o0MjdPtDQxWcQqFZCYl1-sEGih4JWam1pQkKpbXFqk65taWpwKAGA1gy1GAAAA&hl=fr&mat=CYlvGTYzePXIElcBqiIDwrVhcZalXWOSZCHthe9Lc6z2i-DIeD8Qdj3t7k9alnXBy-p9Wd66GDLDvns89DDXilL1TO6W8Ik61XuZTVtEhuqPHhpeqGh5zIQEBPkoFeQG2SI&authuser=0
23413,https://www.google.com/search?q=Panos+Q8+Linkebeek&stick=H4sIAAAAAAAA_-NgU1I1qDAxTzZONrVIsbQ0T0lKMza0MqgwSkm2TEw0N05NSk01SkwyWsQqFJCYl1-sEGih4JOZlw0SzwYAbSq5FT4AAAA&hl=fr&mat=CeWZJ4SKi09sElcBqiIDwlzikeRF38M-GVqlm087-1oRhTWaDUn_NkU8nwod-WFHThCcaQ7WFk2nyoAUfghJQ1TU2HW2GhAP4FMaqEhxX9TUKi-RPXD7DLz2Qs63M9Jwq3U&authuser=0
23517,https://www.google.com/search?q=Panos+Q8+LU+Bereldange&stick=H4sIAAAAAAAA_-NgU1I1qDAxtzQ1STU1tTQzNU41S0yyAgolJZmZJxommRiYmyZaGJgtYhULSMzLL1YItFDwCVVwSi1KzUlJzEtPBQDHBG71QgAAAA&hl=fr&mat=CaEOtYQRQ4aCElYBqiIDwmiuMoJd3MDQ3rbmqMeB3ILqLHc4i4pjlGYzha2TMFXoOcmOJWaFxMGrf7Kp8td9p8v0_HfcpqtTABlRmEtZdvEs9DRu5MpSDEfwPSYwM3mX_g&authuser=0
33020,https://www.google.com/search?q=Panos&stick=H4sIAAAAAAAA_-NgU1I1qDAxtzQ1tkxNSTFOsjA2NkyzMqiwsDQ0TTK1MEkzNbZISjRMWcTKGpCYl18MAOkzy1cxAAAA&hl=fr&mat=CTvpxPV2TPYjElYBqiIDwmm0l8HCznaR0sHG3tCxbztZfaEYA_CesmaYWIBNoTfHZ_8UToW7DZaTFK74-rEfxJjR6AcWgL2PBjpKdoLKFpL3nycJb5zn5bmDsfuu3tq9uA&authuser=0
23822,https://www.google.com/search?q=Panos+Q8+LU+Pommerloch+1&stick=H4sIAAAAAAAA_-NgU1I1qDAxTzYwMElMMzM3MjRISTG3MqiwNDNKMU8zMzZNMUhKtLAwWcQqEZCYl1-sEGih4BOqEJCfm5talJOfnKFgCAD5T_EzRAAAAA&hl=fr&mat=CSKb10mqX4xqElcBqiIDwsh8caObWiN48dgo_FKKmBVP0LN30byx67UPt-YcId2rB9WMZlMHu1WiVPrQ6twhkVYVwLlGW7wo3ikQ0zolqRkaaUtanrRDdLMsllCegL4DZO8&authuser=0
23849,https://www.google.com/search?q=Panos+Q8+Zaventem&stick=H4sIAAAAAAAA_-NgU1I1qDAxTzZOSTFISjU0SUqxTEqyAgqZmSSbm5tbJKcmppmbmVsuYhUMSMzLL1YItFCISixLzStJzQUAZYBryz0AAAA&hl=fr&mat=CSuh4btiskbvElcBqiIDwgH6Y6XzKtMcIkZIL9wG4kuOyqp-T347jhVgX6zAHybyruM4UOpNLpIZtITUnh3_2kjXC3D6oy8kg1-6fE-Sx6J6XL-cieVcVhZs7N_-l7N64kk&authuser=0
23301,https://www.google.com/search?q=Panos+Q8+Zaventem+Nossegem&stick=H4sIAAAAAAAA_-NgU1I1qDAxTzZOSTY2SElJTjYxMTO1MqgwSk4xNrMwNjcxMkoxMEsyWcQqFZCYl1-sEGihEJVYlppXkpqr4JdfXJyanpoLAIJ4OvdGAAAA&hl=fr&mat=Ce7jvBgk0kSpElYBqiIDwmSkz2F4tG5NeNtFmou0wOkh2ToxQmhSkkEgSJVgCh5ePJ6hRMknfhs_bsdcGyw8ImSIyjyveBkuTfeLBNpsDxQniz22m8qZAhQF1s2re3EAQQ&authuser=0
23230,https://www.google.com/search?q=Panos+Rail+Brussel+(Centraal)&stick=H4sIAAAAAAAA_-NgU1I1qDAxTzZONrVMtjA2TDRISU2xMqiwNE1NSTQzNjI2TgGxUhaxygYk5uUXKwQlZuYoOBWVFhen5ihoOKfmlRQlJuZoAgDy8F3sSQAAAA&hl=fr&mat=Cd-HSHnaJ3F1ElYBqiIDwot75FoRh2rV01CaJQWk-Fd7DmJ34WqG-RacG_ujV9w5nLP3tTa0KW_rJUGhBS79DNkUyn4tJQVJsA4LhA-PIhfj2YvtuDQY-KRceIHgXPFIOA&authuser=0
23235,https://www.google.com/search?q=Panos+Rail+Brussel+Centraal+Putterij&stick=H4sIAAAAAAAA_-NgU1I1qDAxTzYGwmQzA4tkMzMTQyuDijQTS2OjxNTERHNL0yRzM_NFrCoBiXn5xQpBiZk5Ck5FpcXFqTkKzql5JUWJiTkKAaUlJalFmVkAEUko5FAAAAA&hl=fr&mat=CZuoVSsrGX4fElcBqiIDwiu3MkvgTkXLKK-_fJLgZpl6h4205-cYTgjB4mZeK_Bxc74X9ke5LiifdssZuIxJCwMfkz6gm27yrB7TgDKJrNsKTLom4Ge2sv2W4Bx9htfzZG0&authuser=0
23222,https://www.google.com/search?q=Panos&stick=H4sIAAAAAAAA_-NgU1I1qDAxTzZONjY3TzE0MDAxTjO0MqgwN0xLNkgztEhJNjQ1M042WcTKGpCYl18MAJf2OfAxAAAA&hl=fr&mat=CW4dH468E4XLElIBqiIDwn9cosNHfAlf1vsjB0zf7jSaySV8mPKDBDrR5j5myuJ4RnulYNzNGDEtMAeX-Gzfp5M3jNSXmdjPzHA_b8nCGgEDPXdeVGHIvLkwp2nL&authuser=0
23047,https://www.google.com/search?q=Panos+Rail+Leuven+(Martelarenplein)&stick=H4sIAAAAAAAA_-NgU1I1qDAxTzY0Mzc1MEgzNTVKtrS0MqgwTTRJNjc3TDOxMDMwN7IwXcSqHJCYl1-sEJSYmaPgk1palpqnoOGbWFSSmpNYlJpXkJOamacJAIX9DilPAAAA&hl=fr&mat=Ceklc1t-TDb5ElcBqiIDwuK7oili-G9xYg5V3p5Y6-PEfp3SHXVRvEi4VR6A51gCcBCCfAIKys5Ps-WT5wEVvUZav4KhqDynoKV7aMyUvUbYV_rhyXHofOxOmSKWZAJ4QoA&authuser=0
23223,https://www.google.com/search?q=Panos+Rail+Leuven+Reizigerstunnel&stick=H4sIAAAAAAAA_-NgU1I1qDAxTzY0M0hJSrMwNTOyNDO0MqhITkwzNDVNSkpMMjVKNUgzXMSqGJCYl1-sEJSYmaPgk1palpqnEJSaWZWZnlpUXFKal5eaAwC2z3rqTQAAAA&hl=fr&mat=CS11k95C70umElcBqiIDwnMdgLqCxfb93Hp-pmo6BzWfbv1pNzezRoQchDK3u9fI9JXouHJLE7izx4MH-pTO4Tx3R-GS1ITAMtDHcw3fDd760B9IOWV3izr49t6D_jUN9OY&authuser=0